"Ps","Age","Gender","Degree","SNS","Format","Correct","Score","Time","Scanpath","A","B","C","D","E","F","G","H","I","L","M","N","O","P","Q"
2,17,"m","A-level",3.75,"tree",1,3,32,"FEBADHADCAEGAHAHAGAHGAEGAHAHAHGAHAHAEG",6050,150,150,283,850,283,983,2115,NA,NA,NA,NA,NA,NA,NA
2,17,"m","A-level",3.75,"venn",1,3,21,"LMOLPLPLOLPLNMLOPLOLPNOLOMOLOLQLO",NA,NA,NA,NA,NA,NA,NA,NA,NA,3865,1033,217,3048,1066,117
3,16,"m","A-level",3,"venn",0,2,37,"QLOLOPLOLOLOLNLPQL",NA,NA,NA,NA,NA,NA,NA,NA,NA,7798,NA,150,1168,616,1201
3,16,"m","A-level",3,"tree",0,2,46,"AHAHIAHAHGAHAHAIAFGAIHAGAHAHGHG",2999,NA,NA,NA,NA,100,917,2648,1033,NA,NA,NA,NA,NA,NA
4,21,"m","BSc",4.5,"tree",0,0,30,"IAIAGBGIAIAIAI",767,100,NA,NA,NA,NA,350,NA,5913,NA,NA,NA,NA,NA,NA
4,21,"m","BSc",4.5,"venn",1,3,27,"NLQNLOLQLMOLOQOLONONL",NA,NA,NA,NA,NA,NA,NA,NA,NA,1316,183,967,2450,NA,1535
5,22,"m","BSc",3,"venn",0,2,47,"OQLQLQMLONONMOLMNOQLONONOMNQONLM",NA,NA,NA,NA,NA,NA,NA,NA,NA,2017,1632,1650,2083,NA,5900
5,22,"m","BSc",3,"tree",0,2,29,"CDAEAEAEAIA",3351,NA,117,650,399,NA,NA,NA,150,NA,NA,NA,NA,NA,NA
6,16,"m","A-level",3.75,"tree",0,0,62,"ACGBDAGHAFAFAGAEGBFAGAGDBCFDBAGBFBDGBEAGDGFGFGAGABCGHDGDGAE",2653,1207,501,1086,650,888,2528,384,NA,NA,NA,NA,NA,NA,NA
6,16,"m","A-level",3.75,"venn",0,1,29,"MNLMNOLMNLMLMN",NA,NA,NA,NA,NA,NA,NA,NA,NA,924,821,793,200,NA,NA
7,17,"m","A-level",3.5,"venn",0,0,28,"QLQLQLQOLOLONONQO",NA,NA,NA,NA,NA,NA,NA,NA,NA,1618,NA,850,1220,NA,7483
7,17,"m","A-level",3.5,"tree",0,0,20,"HAHAICAFAEAIAIFA",2643,NA,146,NA,167,302,NA,274,1016,NA,NA,NA,NA,NA,NA
8,17,"m","A-level",2.75,"tree",1,3,35,"BGADGDGADHDHAHAHGDGDHIAHAHAIAIADIAIAI",3017,167,NA,1234,NA,NA,1084,1482,2900,NA,NA,NA,NA,NA,NA
8,17,"m","A-level",2.75,"venn",1,3,23,"LPLNOLQLQLQLQLQLQLMQLQ",NA,NA,NA,NA,NA,NA,NA,NA,NA,5549,783,200,317,450,1919
9,17,"f","A-level",4.75,"venn",1,3,29,"MPLQLQLQLONLQMNONONLQMNQNONQLQONONONQONON",NA,NA,NA,NA,NA,NA,NA,NA,NA,2032,1967,3399,1716,317,4198
9,17,"f","A-level",4.75,"tree",1,3,32,"ACBAIAIAIHAIADCHIAHABCACDIAIGAIADAIAIADACA",8348,450,1382,1883,NA,NA,183,367,4951,NA,NA,NA,NA,NA,NA
10,18,"m","A-level",4,"tree",1,3,17,"IAIAIAIAIA",7200,NA,NA,NA,NA,NA,NA,NA,1483,NA,NA,NA,NA,NA,NA
10,18,"m","A-level",4,"venn",1,3,17,"LQ",NA,NA,NA,NA,NA,NA,NA,NA,NA,233,NA,NA,NA,NA,6800
11,17,"m","A-level",3.5,"venn",0,2,34,"NLNMNLOLOLNLNLNQLQLQLQLQLQL",NA,NA,NA,NA,NA,NA,NA,NA,NA,7675,100,1017,1000,NA,1415
11,17,"m","A-level",3.5,"tree",0,2,34,"IAI",150,NA,NA,NA,NA,NA,NA,NA,6233,NA,NA,NA,NA,NA,NA
12,19,"m","BSc",4.75,"tree",1,3,35,"IHAIAE",1500,NA,NA,NA,701,NA,NA,150,1983,NA,NA,NA,NA,NA,NA
12,19,"m","BSc",4.75,"venn",1,3,48,"NQLQNONOLOLOLQLQLNQLQLQLQLQLQ",NA,NA,NA,NA,NA,NA,NA,NA,NA,6051,NA,2017,933,NA,6467
13,21,"m","BSc",3.75,"venn",1,3,45,"LQLMLOLQNLMLNOLNLMLNONONMNLN",NA,NA,NA,NA,NA,NA,NA,NA,NA,2614,1651,1799,1400,NA,283
13,21,"m","BSc",3.75,"tree",1,3,27,"AIHDAHGAGEAIAFEFEGAHDF",1133,NA,NA,217,1550,1317,932,566,233,NA,NA,NA,NA,NA,NA
14,21,"f","BSc",4,"tree",1,3,60,"BAIAHAHGHGAIDEABAFEIGAGCGCHIBGICIHAHIAIDIADAIADHAI",2604,575,397,495,367,284,1430,1645,3059,NA,NA,NA,NA,NA,NA
14,21,"f","BSc",4,"venn",1,3,20,"MNOMQOQNOLOQL",NA,NA,NA,NA,NA,NA,NA,NA,NA,251,353,306,1985,NA,1032
15,28,"m","BSc",5.75,"venn",1,3,49,"NLMNMLQLPLNLQLQMLMPQMNMOMQLQPLQMLOLOLNL",NA,NA,NA,NA,NA,NA,NA,NA,NA,3953,2515,849,2685,367,2751
15,28,"m","BSc",5.75,"tree",1,3,26,"AIAEHCACIEGEA",1317,NA,283,NA,433,NA,83,100,383,NA,NA,NA,NA,NA,NA
16,23,"f","BSc",2,"venn",0,0,41,"LNLPLNLPLNLPLPLOLPLOLQLNLQLQLNLQLQL",NA,NA,NA,NA,NA,NA,NA,NA,NA,17568,NA,2233,250,3050,1449
16,23,"f","BSc",2,"tree",1,3,44,"ABABDBDCEAHAHDFAGIHADAHAIAHGHGDBDGEIAFEAIAC",6866,700,233,1400,1083,266,2884,3135,450,NA,NA,NA,NA,NA,NA
17,17,"m","A-level",5.25,"tree",1,3,30,"IHIAHAHAEHABAHAIAIAHD",7651,167,NA,117,117,NA,NA,1016,766,NA,NA,NA,NA,NA,NA
17,17,"m","A-level",5.25,"venn",1,3,28,"LMPLQLQMLOQOLQLOL",NA,NA,NA,NA,NA,NA,NA,NA,NA,3833,684,NA,883,267,6316
18,19,"m","BSc",3.75,"tree",1,3,32,"BAHAHAFIACAHAHAHAHACBG",5934,400,383,NA,NA,316,450,1335,250,NA,NA,NA,NA,NA,NA
18,19,"m","BSc",3.75,"venn",1,3,19,"PLMLPLPLMOMLMLM",NA,NA,NA,NA,NA,NA,NA,NA,NA,3581,4399,NA,434,683,NA
19,19,"m","BSc",5.25,"venn",0,1,30,"PLPLPLMLNLMNMNMOLOLPLOPOLOLONLOLO",NA,NA,NA,NA,NA,NA,NA,NA,NA,5647,1517,784,4467,1599,NA
19,19,"m","BSc",5.25,"tree",0,2,16,"EFBAHAHAFEBEGEHEGHA",1418,533,NA,NA,1834,316,601,701,NA,NA,NA,NA,NA,NA,NA
20,19,"m","A-level",4,"tree",1,3,16,"ABCADECICACAHA",717,133,900,200,134,NA,NA,170,1351,NA,NA,NA,NA,NA,NA
20,19,"m","A-level",4,"venn",1,3,6,"QONLOLQLQLOQLQN",NA,NA,NA,NA,NA,NA,NA,NA,NA,800,NA,500,600,NA,1220
21,21,"m","BSc",3.5,"venn",1,3,38,"ONPLQLQLONOQLQOLQLQOLQOLQLQOQLOQLO",NA,NA,NA,NA,NA,NA,NA,NA,NA,8583,NA,2266,6918,250,5767
21,21,"m","BSc",3.5,"tree",1,3,24,"FGAHCBEGEGACEFAHIAIA",3351,217,266,NA,783,484,1050,984,2317,NA,NA,NA,NA,NA,NA
22,19,"m","BSc",3.75,"tree",1,3,27,"AIHIHAHIAIAIAGIHAH",1433,NA,NA,NA,NA,NA,117,734,1216,NA,NA,NA,NA,NA,NA
22,19,"m","BSc",3.75,"venn",0,2,14,"MLMLMLMNL",NA,NA,NA,NA,NA,NA,NA,NA,NA,1300,2584,200,NA,NA,NA
23,23,"m","BSc",6,"venn",1,3,38,"LOLOLOLOLOLOLOL",NA,NA,NA,NA,NA,NA,NA,NA,NA,16268,NA,NA,2851,NA,NA
23,23,"m","BSc",6,"tree",1,3,36,"AFA",12953,NA,NA,NA,NA,100,NA,NA,NA,NA,NA,NA,NA,NA,NA
24,24,"m","BSc",5,"tree",0,1,54,"AEADAGAHAHACAIAHIHAIAHABDAH",5795,133,102,416,150,NA,117,1050,1533,NA,NA,NA,NA,NA,NA
24,24,"m","BSc",5,"venn",1,3,32,"LQLNONMLPQLNLNQNMLM",NA,NA,NA,NA,NA,NA,NA,NA,NA,1467,5632,2099,450,300,1951
25,18,"f","A-level",4.5,"venn",1,3,39,"LMNMNLONMOLOMPLPLNOLQLQLQONLONMLMOLO",NA,NA,NA,NA,NA,NA,NA,NA,NA,4268,1534,2418,3101,634,300
25,18,"f","A-level",4.5,"tree",0,2,26,"BHGAHDIHAHIFEAEFEI",350,117,NA,100,866,316,84,933,899,NA,NA,NA,NA,NA,NA
26,30,"m","BSc",3.75,"tree",1,3,29,"BAEFACGHDAGHAHAIDHGA",4763,433,150,283,517,133,600,1116,83,NA,NA,NA,NA,NA,NA
26,30,"m","BSc",3.75,"venn",1,3,29,"PLNMLNPLPLNLMLMPMLMP",NA,NA,NA,NA,NA,NA,NA,NA,NA,2250,1349,749,NA,1315,NA
27,23,"m","BSc",5,"venn",1,3,30,"LMNOLOLPQLOQPQOQL",NA,NA,NA,NA,NA,NA,NA,NA,NA,881,259,533,6127,256,940
27,23,"m","BSc",5,"tree",1,3,34,"AHAECAFEADAHGDEBAFGAFGAGFAFAEHAC",4131,157,550,216,700,704,684,353,NA,NA,NA,NA,NA,NA,NA
28,21,"m","A-level",5,"tree",0,2,28,"DAICAFAFAGAGEFCAIEBIDADAB",2734,250,1916,667,383,867,249,NA,750,NA,NA,NA,NA,NA,NA
28,21,"m","A-level",5,"venn",0,2,26,"MLNMNLNLOMNLMNLML",NA,NA,NA,NA,NA,NA,NA,NA,NA,1617,1200,2732,83,NA,NA
29,23,"f","Msc",5.25,"venn",0,0,30,"OLPLQPNLMLNLOLNLOMLMONLQLQLMQLQLMNL",NA,NA,NA,NA,NA,NA,NA,NA,NA,4534,1833,866,1099,300,1183
29,23,"f","Msc",5.25,"tree",0,2,24,"DIEFGAIBAIAIFAH",984,350,NA,83,83,367,166,117,599,NA,NA,NA,NA,NA,NA
30,23,"m","Msc",5,"tree",1,3,38,"DHDIEGAEACDAHAFEACEAHAHEDHDHGFEHAEF",2518,NA,816,934,1700,1051,1350,1300,289,NA,NA,NA,NA,NA,NA
30,23,"m","Msc",5,"venn",1,3,26,"NLOLOLNOM",NA,NA,NA,NA,NA,NA,NA,NA,NA,1416,1500,300,1116,NA,NA
31,18,"m","A-level",5.25,"venn",0,1,24,"NMPQPQOLNQLQLONMLMNLNLQLQLNLNONONQLNMN",NA,NA,NA,NA,NA,NA,NA,NA,NA,2448,2266,5233,450,333,5167
31,18,"m","A-level",5.25,"tree",1,3,16,"ABIAIAIADCHIAFAEAFAGAGACAIAIAIHAGAC",5767,133,467,433,217,399,700,483,2767,NA,NA,NA,NA,NA,NA
32,17,"f","A-level",4.75,"tree",0,1,18,"AIHGIAIA",533,NA,NA,NA,NA,NA,100,167,2901,NA,NA,NA,NA,NA,NA
32,17,"f","A-level",4.75,"venn",1,3,15,"LQOMLOQOMOQOQLO",NA,NA,NA,NA,NA,NA,NA,NA,NA,517,767,NA,3717,NA,2533
33,17,"m","A-level",4,"venn",1,3,38,"MOQOQLOPO",NA,NA,NA,NA,NA,NA,NA,NA,NA,134,84,NA,5032,267,366
33,17,"m","A-level",4,"tree",0,2,18,"ABAIAIAIAIAIAHIAIAFEI",2700,300,NA,NA,933,100,NA,100,4568,NA,NA,NA,NA,NA,NA
34,17,"m","A-level",6,"tree",1,3,35,"BCADHADADCAHADAHAFACAEFEHAHEFGFAEGADACEFCEAEABCFEGA",6601,500,1333,1200,1983,1050,1133,1719,NA,NA,NA,NA,NA,NA,NA
34,17,"m","A-level",6,"venn",1,3,19,"LNLNLOLOLOLOLOLO",NA,NA,NA,NA,NA,NA,NA,NA,NA,3982,NA,1901,4634,NA,NA
35,21,"m","A-level",4.25,"venn",1,3,24,"LQLQLOQOLOLQLQO",NA,NA,NA,NA,NA,NA,NA,NA,NA,1451,NA,NA,518,NA,3414
35,21,"m","A-level",4.25,"tree",1,3,23,"AGHABCFECGFDGAIAGDHAI",1619,134,383,250,200,319,736,534,450,NA,NA,NA,NA,NA,NA
36,17,"m","A-level",5,"venn",1,3,29,"NMNMOQNMPLQLQ",NA,NA,NA,NA,NA,NA,NA,NA,NA,500,1066,667,150,133,1950
36,17,"m","A-level",5,"tree",1,3,26,"IGACDFAGI",566,NA,126,100,NA,133,434,NA,632,NA,NA,NA,NA,NA,NA
37,16,"m","A-level",6,"tree",1,3,21,"BAIAIDHGFIAHIAIAIAFAIF",1599,100,NA,267,NA,667,217,633,1751,NA,NA,NA,NA,NA,NA
37,16,"m","A-level",6,"venn",1,3,34,"ONQLQONLOLONLMLONMLMQMNLMNONMNOQLOQMQLOL",NA,NA,NA,NA,NA,NA,NA,NA,NA,1801,3366,2600,5449,NA,2230
38,17,"m","A-level",4.5,"venn",1,3,25,"QLQOQO",NA,NA,NA,NA,NA,NA,NA,NA,NA,133,NA,NA,3966,NA,2550
38,17,"m","A-level",4.5,"tree",1,3,19,"IAIHGAI",384,NA,NA,NA,NA,NA,183,267,1101,NA,NA,NA,NA,NA,NA
39,24,"f","Msc",3.25,"venn",0,2,54,"LOLPLMPLQLQLQLQLQLNQNL",NA,NA,NA,NA,NA,NA,NA,NA,NA,12280,200,816,233,366,2752
39,24,"f","Msc",3.25,"tree",0,2,45,"AHAHDHAHAHAHADHIAIADGHA",1681,NA,NA,567,NA,NA,250,2064,817,NA,NA,NA,NA,NA,NA
40,25,"f","Msc",3.25,"tree",1,3,34,"AEFEDGAHAHIFEAIAHGAIDGHIACA",5067,NA,350,283,434,715,1401,1199,3650,NA,NA,NA,NA,NA,NA
40,25,"f","Msc",3.25,"venn",0,1,21,"LMNMNONLOMQOQMOMOMOQOMOMQMQOL",NA,NA,NA,NA,NA,NA,NA,NA,NA,566,2717,617,3134,NA,3451
41,22,"f","BSc",4.75,"tree",1,3,35,"BFAGAFHAFADABHGAHADHAHAHAGADHI",3985,634,NA,917,NA,800,366,1167,133,NA,NA,NA,NA,NA,NA
41,22,"f","BSc",4.75,"venn",1,3,25,"NLMLNMLNOQONLOLO",NA,NA,NA,NA,NA,NA,NA,NA,NA,2583,1217,583,1616,NA,83
42,24,"f","MSc",3.75,"tree",1,3,56,"AIFAFAIHGAHIAIADHIAHAHFAHAEAIAHEFEFA",4331,NA,NA,83,666,1550,167,1065,1033,NA,NA,NA,NA,NA,NA
42,24,"f","MSc",3.75,"venn",0,2,24,"PLPLMLNOLONLNONOPQLQLNMNMNQM",NA,NA,NA,NA,NA,NA,NA,NA,NA,2133,1250,1619,1183,700,516
43,23,"m","Msc",4.5,"venn",0,2,39,"MLMPLPOPMONOPQLNOLNLQNP",NA,NA,NA,NA,NA,NA,NA,NA,NA,1167,1700,1333,815,733,633
43,23,"m","Msc",4.5,"tree",1,3,33,"CFAIACEAGIAHIEADGH",1716,NA,383,334,266,83,833,416,500,NA,NA,NA,NA,NA,NA
44,24,"f","Msc",3,"tree",0,2,36,"BCABAFAHAHAGAIAGAGEHGEIAFAFA",7230,1317,317,NA,417,617,599,400,334,NA,NA,NA,NA,NA,NA
44,24,"f","Msc",3,"venn",0,2,22,"MNMLQNOL",NA,NA,NA,NA,NA,NA,NA,NA,NA,850,217,516,400,NA,100
45,17,"m","A-level",5.25,"venn",1,3,48,"LMLNLMLNMNMLMPLPLMLQLMLQPLPMPLMLPLQMLNMNMNMNPLQMNML",NA,NA,NA,NA,NA,NA,NA,NA,NA,9836,8016,2833,NA,2183,3617
45,17,"m","A-level",5.25,"tree",1,3,46,"AHBADCACACABDAFADADAHADHAIAIAHAIABICBCACBCACACDAGHAGACECGDCDGAHAHAIAEAFACHI",12371,3517,5183,3286,450,367,967,3001,4651,NA,NA,NA,NA,NA,NA
46,36,"m","PhD",3.5,"tree",0,0,60,"AIABABAIACDACADABDAIBADADAB",5151,866,317,1667,NA,NA,NA,NA,2067,NA,NA,NA,NA,NA,NA
46,36,"m","PhD",3.5,"venn",0,2,50,"MLNOMPMNMLNLNMNLNONLMNMLMNLONMPMN",NA,NA,NA,NA,NA,NA,NA,NA,NA,2317,2732,2150,384,317,NA
47,20,"m","BSc",5.5,"venn",1,3,42,"LMNOLONONONONOMLQLQPLPLQLQLOLMNMNQLPLNQLMNMLQLQLQMPNLMONONMQLQM",NA,NA,NA,NA,NA,NA,NA,NA,NA,8333,6349,3800,3568,1817,5736
47,20,"m","BSc",5.5,"tree",1,3,37,"BABACAECEAFCFAFECAFAGDGHDAHAHAHAHAGFAECHIAIACHACAEAGDACAHAIAIAIA",14981,234,2384,650,1633,1667,2233,2483,3699,NA,NA,NA,NA,NA,NA
48,26,"m","Msc",4,"tree",0,2,51,"ABABADAEAFGDBCDHAHIHAGAHFAIHGAHIAG",2434,549,599,633,733,166,866,1367,584,NA,NA,NA,NA,NA,NA
48,26,"m","Msc",4,"venn",0,2,31,"NQLQNOLOQLONO",NA,NA,NA,NA,NA,NA,NA,NA,NA,601,NA,2600,2899,NA,566
49,18,"f","BSc",4,"venn",0,1,42,"LNMPMNPLPLNLPLQLPMNLOLOLOLPMN",NA,NA,NA,NA,NA,NA,NA,NA,NA,4983,1702,3468,383,1483,83
49,18,"f","BSc",4,"tree",0,0,28,"DABAEGAIHFAIHGAGFAIAIABAB",1735,1116,NA,217,83,217,1000,700,800,NA,NA,NA,NA,NA,NA
50,30,"m","Msc",4.75,"tree",0,0,65,"FCAFEGAEAGAHAGAHAHDHAFAFAFGAHAHAHAEAGAEFGAHEFAHAIHAHAFAFAEAGF",8500,NA,117,100,2384,2350,2549,4814,150,NA,NA,NA,NA,NA,NA
50,30,"m","Msc",4.75,"venn",0,1,45,"NMNONONOLONOLPLNOLOLONLOLOLONL",NA,NA,NA,NA,NA,NA,NA,NA,NA,5367,83,4916,8165,133,NA
