"Ps","Age","Gender","Degree","SNS","Format","Correct","Score","Time","Scanpath","Scanpath2"
2,17,"m","A-level",3.75,"tree",1,3,32,"FEBADHHAAAADCAEGAAAHHAAAAHHAAGAHGAEGAAAAAAAAAAAHAAAAHHAHGGGAAHAAHAEG","FEBDHDCEGHGHGEGHGHEG"
2,17,"m","A-level",3.75,"venn",1,3,21,"LMOLPPLPPLLLLLOOOLLPPLLNMMMMLOOOOOPLLLOLLPNOLLLLOOMMMOLLLOLLQLOO","MOPOPNMOPOPNOMOQO"
3,16,"m","A-level",3,"venn",0,2,37,"QQQQLOLLLLOPPLLLLLOLLLOLLLLOLLLNLLLLLPQLLLLLLLLLLLLLLLLLL","QOPONPQ"
3,16,"m","A-level",3,"tree",0,2,46,"AAHAAHHIIIAHHAHGGAAHAAHAIAAFGAAIHAGAHAHHGHG","HIHGHIFGIHGHGHG"
4,21,"m","BSc",4.5,"tree",0,0,30,"IIIIAIIIIAGBGIIIIIIIAIIIIAIIIIIAIIIIIIIII","IGBGI"
4,21,"m","BSc",4.5,"venn",1,3,27,"NLQQQQQQNLOLQQQLLMOLOOQQOOLLOONNOONNNLL","NQNOQMOQONON"
5,22,"m","BSc",3,"venn",0,2,47,"OQQQQLQLLQMMMMMLLONOONMOLMNNNOQQQQQQQQQQQQQQQQQLLOOONONNOOMMMMNQQQQQQONNLLLLM","OQMONONMOMNOQONONOMNQONM"
5,22,"m","BSc",3,"tree",0,2,29,"CDDAAEEAAAAAAAAAAEAAEAAAIAA","CDEI"
6,16,"m","A-level",3.75,"tree",0,0,62,"ACGGBDAGHAAAFAFAAGAEGBFAGAGDDBCFDBAGBFBDGGBEAAGDGFGFGAAGGAABCGHDGGDGAEE","CGBDGHFGEGBFGDBCFDBGBFBDGBEGDGFGFGBCGHDGDGE"
6,16,"m","A-level",3.75,"venn",0,1,29,"MNLMNOLMMNNLMLLLMN","MNMNOMNMN"
7,17,"m","A-level",3.5,"venn",0,0,28,"QQQQQQQQLQLQQQQQLLLLQQQQQQOLOOLONNOONQQQQOO","QONONQO"
7,17,"m","A-level",3.5,"tree",0,0,20,"HAAHAIIICAAAFAEAAAAIAIFA","HICFEIF"
8,17,"m","A-level",2.75,"tree",1,3,35,"BBGADGDDGAAADHDHAAAAHAHGDGGDHIAAHHAHAAAIIAIIIIAADDIIIIAIIIAI","BGDGDGDHDHGDGDHIHIDI"
8,17,"m","A-level",2.75,"venn",1,3,23,"LLPPLLLLLLLLLLNOOLQLQLQLLLLQQLQQLQLLLMMMQLQQ","PNOQMQ"
9,17,"f","A-level",4.75,"venn",1,3,29,"MPPLQLQQQLQQQLONLLLLLQQQQQQMMMMMNOONONNLLLLQQQQMMMMNQQNONNQQQQLQONONNONQONONN","MPQONQMNONONQMNQNONQONONONQONON"
9,17,"f","A-level",4.75,"tree",1,3,32,"ACCBAAIIAAAAAAIIIIIAIIHAAIIIIIADCHIIAAHABBCACCCDDDIAIIIIGAAAAIIIIIADDAAAAAIIAIIIADDDACCAAAAAAAAA","CBIHIDCHIHBCDIGIDIDC"
10,18,"m","A-level",4,"tree",1,3,17,"IAAAAAAIAAAAIAAAAAIAAAAAAAIAA","I"
10,18,"m","A-level",4,"venn",1,3,17,"LQQQQQQQQQQQQQQQQQQQQQQQQQQ","Q"
11,17,"m","A-level",3.5,"venn",0,2,34,"NLLNMNNLOOOOLOLLLLNNLLLLLNLLNQQLQLLQLLLLQLQQLQLLLLLLLLLLLL","NMNONQ"
11,17,"m","A-level",3.5,"tree",0,2,34,"IIIIIIIIIIIIIIAII","I"
12,19,"m","BSc",4.75,"tree",1,3,35,"IHAIAAAAAEEE","IHIE"
12,19,"m","BSc",4.75,"venn",1,3,48,"NQQQLQQNONNNNNNOLLOLLOOLLLQQLLQQQLLLNQQQLLQQQLLLQQQLQLLQQQQLQQ","NQNONOQNQ"
13,21,"m","BSc",3.75,"venn",1,3,45,"LQLMLLLOLLLLQNLMMLLNOLLNNNLLMLNOOONOONMNNNNLN","QMOQNMNONMNONONMN"
13,21,"m","BSc",3.75,"tree",1,3,27,"AIHHDAHGAGGEAIAFEEEEFFFEGGAHDF","IHDHGEIFEFEGHDF"
14,21,"f","BSc",4,"tree",1,3,60,"BAIAAHAHGHGAAAIDEEABBAFFEIGAGGCGGCHIIIIIIBGGICIHHAHHIIAIDIADAIADHAAI","BIHGHGIDEBFEIGCGCHIBGICIHIDIDIDHI"
14,21,"f","BSc",4,"venn",1,3,20,"MNOOMQQOOOQQQQNOOLOOQL","MNOMQOQNOQ"
15,28,"m","BSc",5.75,"venn",1,3,49,"NLLLMMNMLQQQQQLPLLLNNLLQQLLLLQQQQQQMMLMPQMMMMMMMNMOOMQQLQPLLQQQMMLLOOLLOOOOOOOOOOOLLLLNL","NMNMQPNQMPQMNMOMQPQMON"
15,28,"m","BSc",5.75,"tree",1,3,26,"AAAAIAEEHCAACIEGEAA","IEHCIEGE"
16,23,"f","BSc",2,"venn",0,0,41,"LLLLNLLPLLNNNLLLPLLLLLNNLPPLLLLLPPPLLLLLLLLLLLLOLLLPPPPPPLLLLLLLLLLLLOLLLQQLLLLLLLLLLLNNLLQLLQLLLNNNNLLLLLQQLQLLLL","NPNPNPOPOQNQNQ"
16,23,"f","BSc",2,"tree",1,3,44,"ABABDBDDCEAAAAAAAHHHAAAAAAHDDFAGIHHADAHHHHAIAAAAAAHHGGGGHHHGGGDBDGGGGGGEEEEIAAAAFEEAIAAAAC","BDBDCEHDFGIHDHIHGHGDBDGEIFEIC"
17,17,"m","A-level",5.25,"tree",1,3,30,"IHIAHAAAAAAHAAEHAAABAAHAIAAAIAAAAAAHD","IHIHEHBHIHD"
17,17,"m","A-level",5.25,"venn",1,3,28,"LMPPLQQQQQQQLLQQQQQQQQQQMMMLLLLLLOOQOOLLLLLLLLLQQQQQQQQLOLL","MPQMOQOQO"
18,19,"m","BSc",3.75,"tree",1,3,32,"BBAAAAAAHAAHHAAAAAAFFIACAAAHAAHAAHAAAAAHACCBG","BHFICHCBG"
18,19,"m","BSc",3.75,"venn",1,3,19,"PPPLLMMLLLLPLPLLLLMMMMMMMOOOMLLLLLLLMMMMMLLMMMMM","PMPMOM"
19,19,"m","BSc",5.25,"venn",0,1,30,"PPPLLPPLLLLLPPLLLLLMLLLLLLNLLMMNNMNMMOOOLOLLLPLLOOOOPOOLLOOOLLOONLLLOOOLLLOO","PMNMNMNMOPOPONO"
19,19,"m","BSc",5.25,"tree",0,2,16,"EFFBAAHAAAHAFEEBEGGEHEEGHHAAAA","EFBHFEBEGEHEGH"
20,19,"m","A-level",4,"tree",1,3,16,"ABCADECIIIIIIIIICACCAHA","BCDECICH"
20,19,"m","A-level",4,"venn",1,3,6,"QQQOONNLOLLQLQLOQQLQN","QONOQOQN"
21,21,"m","BSc",3.5,"venn",1,3,38,"ONNPPLLLLLLLQQQQQQQLLQLOOOOONNNOOQQQQLQOOOOOOOLLLLLLLLQLLLLLLLLLLLLLQQOOLQOLQQLQOOQLOOOOOOOQQQQQLLLOO","ONPQONOQOQOQOQOQOQO"
21,21,"m","BSc",3.5,"tree",1,3,24,"FFGGAAAHCBEEGGEGAACEFAAAAAAAHHHIIIIIIIAIIAA","FGHCBEGEGCEFHI"
22,19,"m","BSc",3.75,"tree",1,3,27,"AIIHIIIHAAHIAAIAAAIAGIHHAAAAH","IHIHIGIH"
22,19,"m","BSc",3.75,"venn",0,2,14,"MMLLLMMMMLMMMMMMMLMMNL","MN"
23,23,"m","BSc",6,"venn",1,3,38,"LLLLLLLLLOLLLLLLOOLOOLLLLLLLOLLOLOOOOLOOOOLLLLLLLLLLL","O"
23,23,"m","BSc",6,"tree",1,3,36,"AAAAAAAAAAAFAAAAAAAAAAAAAAAAAAAAAAAAAAAAAAA","F"
24,24,"m","BSc",5,"tree",0,1,54,"AAEADAAGAAAAAHAAAHHAACAIIIIIIAAHIHAAAAIAAAAHAAABDAAAH","EDGHCIHIHIHBDH"
24,24,"m","BSc",5,"venn",1,3,32,"LLLLQQQQLLNNNONMMLPPQLNLNNQQQQQNNNNNMMMMMMMMMMLM","QNONMPQNQNM"
25,18,"f","A-level",4.5,"venn",1,3,39,"LMNNMNLOOOONMOLLOMMPPLLLLLPPLLLNOLQLLLLLQLLLQONLOONNMLLMOOOLO","MNMNONMOMPNOQONONMO"
25,18,"f","A-level",4.5,"tree",0,2,26,"BHGAHDIHAHHIIIIFEAEFEI","BHGHDIHIFEFEI"
26,30,"m","BSc",3.75,"tree",1,3,29,"BBAAAEEEFACGHHDAAAAAAAAAAAAAAGHHAAAAAHAIDHGGAA","BEFCGHDGHIDHG"
26,30,"m","BSc",3.75,"venn",1,3,29,"PPLLNMMMLNNPPPLLPPLNLLMMMLMPMLMP","PNMNPNMPMP"
27,23,"m","BSc",5,"venn",1,3,30,"LMNOOOOOOOOLOOOLPQQQLOQPQQOOOOOOOOQLL","MNOPQOQPQOQ"
27,23,"m","BSc",5,"tree",1,3,34,"AAAHAAAAEECAFEADAAAHGGDEEBAFGAFGAAGFAFAAAEHAC","HECFEDHGDEBFGFGFEHC"
28,21,"m","A-level",5,"tree",0,2,28,"DAICCAAAAAFFFAFAGAGEFFCCAIIEBIDDAAADAB","DICFGEFCIEBIDB"
28,21,"m","A-level",5,"venn",0,2,26,"MMMLLLNNNNNNMNLNLLOMNNNLMNLLMMML","MNMNOMNMNM"
29,23,"f","Msc",5.25,"venn",0,0,30,"OLPLLQPNLLLMMLLNLLOLLLLNLLOOMMMLLLMONNLQLLQLLMQQQQQLQQQLMNLLL","OPQPNMNONOMONQMQMN"
29,23,"f","Msc",5.25,"tree",0,2,24,"DIEFGAAAIIBAIAIFFAH","DIEFGIBIFH"
30,23,"m","Msc",5,"tree",1,3,38,"DHHDDIEEGAEACCDAAHAAFEACCEAAAAHAHHEEDHDHGGGGFEEEHAAEFFFF","DHDIEGECDHFECEHEDHDHGFEHEF"
30,23,"m","Msc",5,"venn",1,3,26,"NLLLOLOOOOOOLLLLLNOMMMMMMMM","NONOM"
31,18,"m","A-level",5.25,"venn",0,1,24,"NNMMMPQQQQPQQQQQQQOLNNNQQLLQLONNNNMMLMNLNLQLLLQQQQLNNLNNONONQQQQQQQLNNNMMMMMMNN","NMPQPQONQONMNQNONONQNMN"
31,18,"m","A-level",5.25,"tree",1,3,16,"ABIAIAIIADCHIAFAAAEAFAGAGAAAACAIIAIIIAAAAAAAIIIIHAGAC","BIDCHIFEFGCIHGC"
32,17,"f","A-level",4.75,"tree",0,1,18,"AIHGIIIIIIIIIIIAIIIIIIA","IHGI"
32,17,"f","A-level",4.75,"venn",1,3,15,"LQQQQQQOOOOOOMMLLOOOOQOMMOQQQQQQQOOOOOQQLOO","QOMOQOMOQOQO"
33,17,"m","A-level",4,"venn",1,3,38,"MOOOQQOQLOOOOPPO","MOQOQOPO"
33,17,"m","A-level",4,"tree",0,2,18,"ABAAIIIIIIIAIAIIIIIIAIIAIAAHIIIIIAIIAFEEII","BIHIFEI"
34,17,"m","A-level",6,"tree",1,3,35,"BCAAADHADDAADCCAHADAHAAAAAAAAAAFAACAAAEEFEEEHAHHEFFFGGFAEGADAAAAACEFCEAAAEAABCFEGAA","BCDHDCHDHFCEFEHEFGFEGDCEFCEBCFEG"
34,17,"m","A-level",6,"venn",1,3,19,"LLNLLLNNNNNNNLLLLLLLOOOOLOLLOOLOOOOOOLLLLLOLO","NO"
35,21,"m","A-level",4.25,"venn",1,3,24,"LQQQLQQQQQQLLLOQOLOLQQQQQQLLQQQQQO","QOQOQO"
35,21,"m","A-level",4.25,"tree",1,3,23,"AGHABCCFECGFDGGAAIAGDHHAI","GHBCFECGFDGIGDHI"
36,17,"m","A-level",5,"venn",1,3,29,"NNMNMMMMOQNMPLLLQQQQQQLQQ","NMNMOQNMPQ"
36,17,"m","A-level",5,"tree",1,3,26,"IIGAACDFAAAGGGI","IGCDFGI"
37,16,"m","A-level",6,"tree",1,3,21,"BAIIIAIIDHHGFIAHIAAAIIIAIAFFAIF","BIDHGFIHIFIF"
37,16,"m","A-level",6,"venn",1,3,34,"ONQQLLLQQQQQOOOONNLOOOOLOOOOOOOONNLMLONMLMQQMMMMMMMMNLMNOONNNMMNOQLOOOOOOQQQQMMMMQQQLOL","ONQONONMONMQMNMNONMNOQOQMQO"
38,17,"m","A-level",4.5,"venn",1,3,25,"QQQQQQQQQLQQOOOOOOOOOOOOOQQQOOOOO","QOQO"
38,17,"m","A-level",4.5,"tree",1,3,19,"IIAIIIHHGAI","IHGI"
39,24,"f","Msc",3.25,"venn",0,2,54,"LLLLLLLOLLLPPLMPLLLLLLLLLLLLLLLLLLLLLLLLLLQQLLQLLLQQQLLLQLLLLLLLLLQLNNQQQQNLL","OPMPQNQN"
39,24,"f","Msc",3.25,"tree",0,2,45,"AHHHAAHDHAAHHAHHHAHADDHHIIIAIAAADGHAA","HDHDHIDGH"
40,25,"f","Msc",3.25,"tree",1,3,34,"AAAAAAAAAEFFFFEDGAAAAHHAHIFEAIIIIIAHHGGAIIIDGGHIIIIIIIIIAAAACCA","EFEDGHIFEIHGIDGHIC"
40,25,"f","Msc",3.25,"venn",0,1,21,"LMNMNNONLOOOMMMQQQQQOOQQQQQQMOMOMOOOOQQQOOOMOMMQQQQMMQOL","MNMNONOMQOQMOMOMOQOMOMQMQO"
41,22,"f","BSc",4.75,"tree",1,3,35,"BBBFAGAFHAAAFADAAABHGAHAAAADDDHHAAAHAAAHAGAADHHI","BFGFHFDBHGHDHGDHI"
41,22,"f","BSc",4.75,"venn",1,3,25,"NLLLLLMMLLLNMMLNOOQOOONNLLOOOLLLOOO","NMNMNOQONO"
42,24,"f","MSc",3.75,"tree",1,3,56,"AIIFAFFAIHGAHIAIADHIAHAHFAAHHHAAEEAAIIAAAAHEFFEFFA","IFIHGHIDHIHFHEIHEFEF"
42,24,"f","MSc",3.75,"venn",0,2,24,"PLLPPLLLLLMMMLLLNOLLONLNNONOOPQLQQLLNNMNMNNQM","PMNONONOPQNMNMNQM"
43,23,"m","Msc",4.5,"venn",0,2,39,"MMMMLMPPLLLPOPPMMMMMMONNOOOOPQLLLNNOLNNLLQQQQQNNNP","MPOPMONOPQNONQNP"
43,23,"m","Msc",4.5,"tree",1,3,33,"CFAAAIACCEAAAAAAGIIAHIEADDGGGHH","CFICEGIHIEDGH"
44,24,"f","Msc",3,"tree",0,2,36,"BBBCCABAFAAHAHAAGAIAAAAAAAAAAGAAAGEHGGEIIAFAFA","BCBFHGIGEHGEIF"
44,24,"f","Msc",3,"venn",0,2,22,"MNMLQNNOLL","MNMQNO"
45,17,"m","A-level",5.25,"venn",1,3,48,"LLMMMMMLLNLLMMMMLNNNNNMNMLLLMPPPLPLLLLLMMLLLQQQQQQLLLMMMMMMLQPLPPMMPPLLLLLMMMLPLLQQQQQQQQQMMLNMMMNNNMNMNPLLLLLLLQQQMMNNMLLL","MNMNMNMPMQMQPMPMPQMNMNMNMNPQMNM"
45,17,"m","A-level",5.25,"tree",1,3,46,"AAAAAAHBBBAADCAAAAAAACAAACCAABBDDDAFAAADADAAAAAHADDHAIAIIAHHAAIIABIICBCCAAACBBBCACCACDDAAAGHHHAGACECGGDDCDGGAAHHHAHHHAIIIIIIIAEAFACHIIIIIII","HBDCBDFDHDHIHIBICBCBCDGHGCECGDCDGHIEFCHI"
46,36,"m","PhD",3.5,"tree",0,0,60,"AAIIIAABABAAAAIACDDAAAAAAAACADAAABDAIIBBAADDDDADDDAB","IBICDCDBDIBDB"
46,36,"m","PhD",3.5,"venn",0,2,50,"MMLNOMMPPMNMLLNNNLNMMMNLNONNNLLLLLLLMNMMMLMNLLONMPMNNN","MNOMPMNMNMNONMNMNONMPMN"
47,20,"m","BSc",5.5,"venn",1,3,42,"LLMMMMMMMNOLLLLLLONONONONOOOMLLLQQLQPLPLLQQQLLLQLOOLLMNMMMNNQQLPPPPLLNNQLMMMNMMLLLLLQLQQQLQQQQMPNNNLLMMMONONMMMMMQQLQQQQQQM","MNONONONONOMQPQOMNMNQPNQMNMQMPNMONONMQM"
47,20,"m","BSc",5.5,"tree",1,3,37,"BABAAACCAAAECEAFCFAFECAFAAGDGHDAAAAAAAHAAAAAAHAAAHAAAAHHAGGFAAECHIIAIIACHAAACAEAAAAAGDACAAAAHAIIIAAIIIAAAAAAAIIIIIIIIIAAA","BCECEFCFECFGDGHDHGFECHICHCEGDCHI"
48,26,"m","Msc",4,"tree",0,2,51,"ABABBAADDAEAFGDBCCCDDHAHIHHAGAAHFAIHHGGAHIAG","BDEFGDBCDHIHGHFIHGHIG"
48,26,"m","Msc",4,"venn",0,2,31,"NNNQLLLQNNNNNOOOOLOQLOOONNNOO","NQNOQONO"
49,18,"f","BSc",4,"venn",0,1,42,"LNMMMMMPPMMNNNNNNNNPPPLPLNLLPLQLLPPMNNLLOLLLLLOLLLLLLLLLLOLLPMNNNNN","NMPMNPNPQPMNOPMN"
49,18,"f","BSc",4,"tree",0,0,28,"DABBAAEGAAIHFAIIHHHGGGAGFAAIIIAAIABBBABBB","DBEGIHFIHGFIB"
50,30,"m","Msc",4.75,"tree",0,0,65,"FCAFEGGAAAAEAAGGAAAHAAAGAAHHHHAHHDHHAAFAFAAFGGAHHAAAHAHAAAEAGAEFGGAAHHEFAHHAAAIHAHHHHAAAFAFAEEAAAGGF","FCFEGEGHGHDHFGHEGEFGHEFHIHFEGF"
50,30,"m","Msc",4.75,"venn",0,1,45,"NNMNOOOONNNNNOOOOOOOONOOOLOOOONNNNNNNNOOOLPLLLLLLLNNNOOOOOLOOLLOONLOOOOOOLLLLLLLLLLLLLOOOLOONNL","NMNONONONOPNONON"
